Nouns,Errors_in_non_count_form,Type,Condition_label,Intervening_noun_base_form,Intervening_noun_plural_form,Intervening_noun_count_form,Gender_of_intervening_noun,Number_of_intervening_noun,Gender_of_target_noun,Number_of_target_noun,Beginning,Numeral,Condition_beginning,First_adjective,Marker_for_indefinite_form_usage_of_intervening_noun,First_position,Condition_end,Second_position,Target_noun_base_form,Target_noun_plural_form,Target_noun_count_form,Target_noun_other_plural_forms,Group,Numeral_Type,Final_sentence,Target_noun_after_final_sentence,Audio_files_numbering,File_prefix_of_all_audio_files,All_audio_files_original_name,Path_of_audio_files_final_name,Output_audio_file_partial_filename,Number_of_words_in_condition,All_colums_with_count_forms_with_the_wrong_ending,All_colums_with_plural_forms_with_the_wrong_ending,All_columns_with_identical_plural_and_count_forms,All_columns_with_multiple_spaces,All_columns_with_a_final_space
,,target1,P1,къща,къщи,къщи,f,pl,m,pl,Стопаните наториха,два,посадени между,ниски,,ниските,къщи,,дъб,дъбове,дъба,,A,low,Стопаните наториха два посадени между ниските къщи,дъб,STE-001,Targets,target_STE-001_mono.wav,Targets/mono/target_STE-001_mono.wav,target1_P1_дъб_къща_два_ниски_A,5,,,,,
,,target1,P2,къща,къщи,къщи,f,pl,m,pl,Стопаните наториха,два,посадени между,ниски,,,къщите,ниски,дъб,дъбове,дъба,,B,low,Стопаните наториха два посадени между къщите ниски,дъб,STE-002,Targets,target_STE-002_mono.wav,Targets/mono/target_STE-002_mono.wav,target1_P2_дъб_къща_два_ниски_B,5,,,,,
,,target1,P1,боя,бои,бои,f,pl,m,pl,Студентите разучаваха,три,нарисувани с,акварелни,,акварелните,бои,,портрет,портрети,портрета,,B,low,Студентите разучаваха три нарисувани с акварелните бои,портрет,STE-003,Targets,target_STE-003_mono.wav,Targets/mono/target_STE-003_mono.wav,target1_P1_портрет_боя_три_акварелни_B,5,,,,,
,,target1,P2,боя,бои,бои,f,pl,m,pl,Студентите разучаваха,три,нарисувани с,акварелни,,,боите,акварелни,портрет,портрети,портрета,,A,low,Студентите разучаваха три нарисувани с боите акварелни,портрет,STE-004,Targets,target_STE-004_mono.wav,Targets/mono/target_STE-004_mono.wav,target1_P2_портрет_боя_три_акварелни_A,5,,,,,
,,target1,P1,среща,срещи,срещи,f,pl,m,pl,Чиновниците обнародваха,четири,гласувани след,дълги,,дългите,срещи,,закон,закони,закона,,A,low,Чиновниците обнародваха четири гласувани след дългите срещи,закон,STE-005,Targets,target_STE-005_mono.wav,Targets/mono/target_STE-005_mono.wav,target1_P1_закон_среща_четири_дълги_A,5,,,,,
,,target1,P2,среща,срещи,срещи,f,pl,m,pl,Чиновниците обнародваха,четири,гласувани след,дълги,,,срещите,дълги,закон,закони,закона,,B,low,Чиновниците обнародваха четири гласувани след срещите дълги,закон,STE-006,Targets,target_STE-006_mono.wav,Targets/mono/target_STE-006_mono.wav,target1_P2_закон_среща_четири_дълги_B,5,,,,,
,,target1,P1,улица,улици,улици,f,pl,m,pl,Геодезистите измериха,пет,разположени между,градски,,градските,улици,,блок,блокове,блока,,B,high,Геодезистите измериха пет разположени между градските улици,блок,STE-007,Targets,target_STE-007_mono.wav,Targets/mono/target_STE-007_mono.wav,target1_P1_блок_улица_пет_градски_B,5,,,,,
,,target1,P2,улица,улици,улици,f,pl,m,pl,Геодезистите измериха,пет,разположени между,градски,,,улиците,градски,блок,блокове,блока,,A,high,Геодезистите измериха пет разположени между улиците градски,блок,STE-008,Targets,target_STE-008_mono.wav,Targets/mono/target_STE-008_mono.wav,target1_P2_блок_улица_пет_градски_A,5,,,,,
,,target1,P1,компания,компании,компании,f,pl,m,pl,Ръководителите оцениха,шест,конструирани от,швейцарски,,швейцарските,компании,,робот,роботи,робота,,A,high,Ръководителите оцениха шест конструирани от швейцарските компании,робот,STE-009,Targets,target_STE-009_mono.wav,Targets/mono/target_STE-009_mono.wav,target1_P1_робот_компания_шест_швейцарски_A,5,,,,,
,,target1,P2,компания,компании,компании,f,pl,m,pl,Ръководителите оцениха,шест,конструирани от,швейцарски,,,компаниите,швейцарски,робот,роботи,робота,,B,high,Ръководителите оцениха шест конструирани от компаниите швейцарски,робот,STE-010,Targets,target_STE-010_mono.wav,Targets/mono/target_STE-010_mono.wav,target1_P2_робот_компания_шест_швейцарски_B,5,,,,,
,,target1,P1,монахиня,монахини,монахини,f,pl,m,pl,Учените разчетоха,седем,преписани от,средновековни,,средновековните,монахини,,ръкопис,ръкописи,ръкописа,,B,high,Учените разчетоха седем преписани от средновековните монахини,ръкопис,STE-011,Targets,target_STE-011_mono.wav,Targets/mono/target_STE-011_mono.wav,target1_P1_ръкопис_монахиня_седем_средновековни_B,5,,,,,
,,target1,P2,монахиня,монахини,монахини,f,pl,m,pl,Учените разчетоха,седем,преписани от,средновековни,,,монахините,средновековни,ръкопис,ръкописи,ръкописа,,A,high,Учените разчетоха седем преписани от монахините средновековни,ръкопис,STE-012,Targets,target_STE-012_mono.wav,Targets/mono/target_STE-012_mono.wav,target1_P2_ръкопис_монахиня_седем_средновековни_A,5,,,,,
,,target1,P1,агенция,агенции,агенции,f,pl,m,pl,Издателството публикува,два,преведени в,чужди,,чуждите,агенции,,роман,романи,романа,,A,low,Издателството публикува два преведени в чуждите агенции,роман,STE-013,Targets,target_STE-013_mono.wav,Targets/mono/target_STE-013_mono.wav,target1_P1_роман_агенция_два_чужди_A,5,,,,,
,,target1,P2,агенция,агенции,агенции,f,pl,m,pl,Издателството публикува,два,преведени в,чужди,,,агенциите,чужди,роман,романи,романа,,B,low,Издателството публикува два преведени в агенциите чужди,роман,STE-014,Targets,target_STE-014_mono.wav,Targets/mono/target_STE-014_mono.wav,target1_P2_роман_агенция_два_чужди_B,5,,,,,
,,target1,P1,студентка,студентки,студентки,f,pl,m,pl,Уредниците изложиха,пет,фотографирани от,млади,,младите,студентки,,бик,бикове,бика,,B,high,Уредниците изложиха три фотографирани от младите студентки,бик,STE-015,Targets,target_STE-015_mono.wav,Targets/mono/target_STE-015_mono.wav,target1_P1_бик_студентка_пет_млади_B,5,,,,,
,,target1,P2,студентка,студентки,студентки,f,pl,m,pl,Уредниците изложиха,пет,фотографирани от,млади,,,студентките,млади,бик,бикове,бика,,A,high,Уредниците изложиха три фотографирани от студентките млади,бик,STE-016,Targets,target_STE-016_mono.wav,Targets/mono/target_STE-016_mono.wav,target1_P2_бик_студентка_пет_млади_A,5,,,,,
,,target1,P1,лодка,лодки,лодки,f,pl,m,pl,Рибарите разтовариха,четири,уловени с,крайбрежни,,крайбрежните,лодки,,рак,раци,рака,,A,low,Рибарите разтовариха четири уловени с крайбрежните лодки,рак,STE-017,Targets,target_STE-017_mono.wav,Targets/mono/target_STE-017_mono.wav,target1_P1_рак_лодка_четири_крайбрежни_A,5,,,,,
,,target1,P2,лодка,лодки,лодки,f,pl,m,pl,Рибарите разтовариха,четири,уловени с,крайбрежни,,,лодките,крайбрежни,рак,раци,рака,,B,low,Рибарите разтовариха четири уловени с лодките крайбрежни,рак,STE-018,Targets,target_STE-018_mono.wav,Targets/mono/target_STE-018_mono.wav,target1_P2_рак_лодка_четири_крайбрежни_B,5,,,,,
,,target1,P1,лекарство,лекарства,лекарства,n,pl,m,pl,Ветеринарят прегледа,два,лекувани с,опасни,,опасните,лекарства,,котарак,котараци,котарака,,B,low,Ветеринарят прегледа пет лекувани с опасните лекарства,котарак,STE-019,Targets,target_STE-019_mono.wav,Targets/mono/target_STE-019_mono.wav,target1_P1_котарак_лекарство_два_опасни_B,5,,,,,
,,target1,P2,лекарство,лекарства,лекарства,n,pl,m,pl,Ветеринарят прегледа,два,лекувани с,опасни,,,лекарствата,опасни,котарак,котараци,котарака,,A,low,Ветеринарят прегледа пет лекувани с лекарствата опасни,котарак,STE-020,Targets,target_STE-020_mono.wav,Targets/mono/target_STE-020_mono.wav,target1_P2_котарак_лекарство_два_опасни_A,5,,,,,
,,target1,P1,гласуване,гласувания,гласувания,n,pl,m,pl,Депутатите измениха,три,приети след,важни,,важните,гласувания,,документ,документи,документа,,A,low,Депутатите измениха шест приети след важните гласувания,документ,STE-021,Targets,target_STE-021_mono.wav,Targets/mono/target_STE-021_mono.wav,target1_P1_документ_гласуване_три_важни_A,5,,,,,
,,target1,P2,гласуване,гласувания,гласувания,n,pl,m,pl,Депутатите измениха,три,приети след,важни,,,гласуванията,важни,документ,документи,документа,,B,low,Депутатите измениха шест приети след гласуванията важни,документ,STE-022,Targets,target_STE-022_mono.wav,Targets/mono/target_STE-022_mono.wav,target1_P2_документ_гласуване_три_важни_B,5,,,,,
,,target1,P1,изпитание,изпитания,изпитания,n,pl,m,pl,Служителите разгледаха,четири,нерешени след,трудни,,трудните,изпитания,,проблем,проблеми,проблема,,B,low,Служителите разгледаха седем нерешени след трудните изпитания,проблем,STE-023,Targets,target_STE-023_mono.wav,Targets/mono/target_STE-023_mono.wav,target1_P1_проблем_изпитание_четири_трудни_B,5,,,,,
,,target1,P2,изпитание,изпитания,изпитания,n,pl,m,pl,Служителите разгледаха,четири,нерешени след,трудни,,,изпитанията,трудни,проблем,проблеми,проблема,,A,low,Служителите разгледаха седем нерешени след изпитанията трудни,проблем,STE-024,Targets,target_STE-024_mono.wav,Targets/mono/target_STE-024_mono.wav,target1_P2_проблем_изпитание_четири_трудни_A,5,,,,,
,,target1,P1,плашило,плашила,плашила,n,pl,m,pl,Природозащитниците уловиха,пет,подплашени от,страшни,,страшните,плашила,,орел,орли,орела,орели,A,high,Природозащитниците уловиха два подплашени от страшните плашила,орел,STE-025,Targets,target_STE-025_mono.wav,Targets/mono/target_STE-025_mono.wav,target1_P1_орел_плашило_пет_страшни_A,5,,,,,
,,target1,P2,плашило,плашила,плашила,n,pl,m,pl,Природозащитниците уловиха,пет,подплашени от,страшни,,,плашилата,страшни,орел,орли,орела,орели,B,high,Природозащитниците уловиха два подплашени от плашилата страшни,орел,STE-026,Targets,target_STE-026_mono.wav,Targets/mono/target_STE-026_mono.wav,target1_P2_орел_плашило_пет_страшни_B,5,,,,,
,,target1,P1,завоевание,завоевания,завоевания,n,pl,m,pl,Филолозите изучаваха,шест,разпространени след,исторически,,историческите,завоевания,,език,езици,езика,,B,high,Филолозите изучаваха три разпространени след историческите завоевания,език,STE-027,Targets,target_STE-027_mono.wav,Targets/mono/target_STE-027_mono.wav,target1_P1_език_завоевание_шест_исторически_B,5,,,,,
,,target1,P2,завоевание,завоевания,завоевания,n,pl,m,pl,Филолозите изучаваха,шест,разпространени след,исторически,,,завоеванията,исторически,език,езици,езика,,A,high,Филолозите изучаваха три разпространени след завоеванията исторически,език,STE-028,Targets,target_STE-028_mono.wav,Targets/mono/target_STE-028_mono.wav,target1_P2_език_завоевание_шест_исторически_A,5,,,,,
,,target1,P1,момиче,момичета,момичета,n,pl,m,pl,Войниците положиха,седем,изплетени от,красиви,,красивите,момичета,,венец,венци,венеца,,A,high,Войниците положиха четири изплетени от красивите момичета,венец,STE-029,Targets,target_STE-029_mono.wav,Targets/mono/target_STE-029_mono.wav,target1_P1_венец_момиче_седем_красиви_A,5,,,,,
,,target1,P2,момиче,момичета,момичета,n,pl,m,pl,Войниците положиха,седем,изплетени от,красиви,,,момичетата,красиви,венец,венци,венеца,,B,high,Войниците положиха четири изплетени от момичетата красиви,венец,STE-030,Targets,target_STE-030_mono.wav,Targets/mono/target_STE-030_mono.wav,target1_P2_венец_момиче_седем_красиви_B,5,,,,,
,,target1,P1,дете,деца,деца,n,pl,m,pl,Докторът излекува,три,отглеждани от,обичливи,,обичливите,деца,,хамстер,хамстери,хамстера,,B,low,Докторът излекува пет отглеждани от обичливите деца,хамстер,STE-031,Targets,target_STE-031_mono.wav,Targets/mono/target_STE-031_mono.wav,target1_P1_хамстер_дете_три_обичливи_B,5,,,,,
,,target1,P2,дете,деца,деца,n,pl,m,pl,Докторът излекува,три,отглеждани от,обичливи,,,децата,обичливи,хамстер,хамстери,хамстера,,A,low,Докторът излекува пет отглеждани от децата обичливи,хамстер,STE-032,Targets,target_STE-032_mono.wav,Targets/mono/target_STE-032_mono.wav,target1_P2_хамстер_дете_три_обичливи_A,5,,,,,
,,target1,P1,обсъждане,обсъждания,обсъждания,n,pl,m,pl,Юристите промениха,шест,одобрени след,парламентарни,,парламентарните,обсъждания,,устав,устави,устава,,A,high,Юристите промениха шест одобрени след парламентарните обсъждания,устав,STE-033,Targets,target_STE-033_mono.wav,Targets/mono/target_STE-033_mono.wav,target1_P1_устав_обсъждане_шест_парламентарни_A,5,,,,,
,,target1,P2,обсъждане,обсъждания,обсъждания,n,pl,m,pl,Юристите промениха,шест,одобрени след,парламентарни,,,обсъжданията,парламентарни,устав,устави,устава,,B,high,Юристите промениха шест одобрени след обсъжданията парламентарни,устав,STE-034,Targets,target_STE-034_mono.wav,Targets/mono/target_STE-034_mono.wav,target1_P2_устав_обсъждане_шест_парламентарни_B,5,,,,,
,,target1,P1,отделение,отделения,отделения,n,pl,m,pl,Санитарите преброиха,седем,настанени в,спешни,,спешните,отделения,,случай,случаи,случая,,B,high,Санитарите преброиха седем настанени в спешните отделения,случай,STE-035,Targets,target_STE-035_mono.wav,Targets/mono/target_STE-035_mono.wav,target1_P1_случай_отделение_седем_спешни_B,5,,,,,
,,target1,P2,отделение,отделения,отделения,n,pl,m,pl,Санитарите преброиха,седем,настанени в,спешни,,,отделенията,спешни,случай,случаи,случая,,A,high,Санитарите преброиха седем настанени в отделенията спешни,случай,STE-036,Targets,target_STE-036_mono.wav,Targets/mono/target_STE-036_mono.wav,target1_P2_случай_отделение_седем_спешни_A,5,,,,,
,,filler1,P1,концерт,концерти,концерта,m,pl,f,pl,Комисията класира,две,участвали в,класически,,класическите,концерти,,цигуларка,цигуларки,цигуларки,,A,low,Комисията класира две участвали в класическите концерти,цигуларка,STE-001,Fillers1,filler1_STE-001_mono.wav,Fillers1/mono/filler1_STE-001_mono.wav,filler1_P1_цигуларка_концерт_две_класически_A,5,,,,,
,,filler1,P2,концерт,концерти,концерта,m,pl,f,pl,Комисията класира,две,участвали в,класически,,,концертите,класически,цигуларка,цигуларки,цигуларки,,B,low,Комисията класира две участвали в концертите класически,цигуларка,STE-002,Fillers1,filler1_STE-002_mono.wav,Fillers1/mono/filler1_STE-002_mono.wav,filler1_P2_цигуларка_концерт_две_класически_B,5,,,,,
,,filler1,P1,камък,камъни,камъка,m,pl,f,pl,Дърводелецът поправи,три,разбити с,тежки,,тежките,камъни,,врата,врати,врати,,B,low,Дърводелецът поправи три разбити с тежките камъни,врата,STE-003,Fillers1,filler1_STE-003_mono.wav,Fillers1/mono/filler1_STE-003_mono.wav,filler1_P1_врата_камък_три_тежки_B,5,,,,,
,,filler1,P2,камък,камъни,камъка,m,pl,f,pl,Дърводелецът поправи,три,разбити с,тежки,,,камъните,тежки,врата,врати,врати,,A,low,Дърводелецът поправи три разбити с камъните тежки,врата,STE-004,Fillers1,filler1_STE-004_mono.wav,Fillers1/mono/filler1_STE-004_mono.wav,filler1_P2_врата_камък_три_тежки_A,5,,,,,
,,filler1,P1,етикет,етикети,етикета,m,pl,f,pl,Пощальонът надписа,четири,облепени с,цветни,,цветните,етикети,,кутия,кутии,кутии,,A,low,Пощальонът надписа четири облепени с цветните етикети,кутия,STE-005,Fillers1,filler1_STE-005_mono.wav,Fillers1/mono/filler1_STE-005_mono.wav,filler1_P1_кутия_етикет_четири_цветни_A,5,,,,,
,,filler1,P2,етикет,етикети,етикета,m,pl,f,pl,Пощальонът надписа,четири,облепени с,цветни,,,етикетите,цветни,кутия,кутии,кутии,,B,low,Пощальонът надписа четири облепени с етикетите цветни,кутия,STE-006,Fillers1,filler1_STE-006_mono.wav,Fillers1/mono/filler1_STE-006_mono.wav,filler1_P2_кутия_етикет_четири_цветни_B,5,,,,,
,,filler1,P1,фонд,фондове,фонда,m,pl,f,pl,Министърът откри,пет,финансирани с,европейски,,европейските,фондове,,магистрала,магистрали,магистрали,,B,high,Министърът откри пет финансирани с европейските фондове,магистрала,STE-007,Fillers1,filler1_STE-007_mono.wav,Fillers1/mono/filler1_STE-007_mono.wav,filler1_P1_магистрала_фонд_пет_европейски_B,5,,,,,
,,filler1,P2,фонд,фондове,фонда,m,pl,f,pl,Министърът откри,пет,финансирани с,европейски,,,фондовете,европейски,магистрала,магистрали,магистрали,,A,high,Министърът откри пет финансирани с фондовете европейски,магистрала,STE-008,Fillers1,filler1_STE-008_mono.wav,Fillers1/mono/filler1_STE-008_mono.wav,filler1_P2_магистрала_фонд_пет_европейски_A,5,,,,,
,,filler1,P1,лъв,лъвове,лъва,m,pl,f,pl,Операторът засне,шест,подгонени от,диви,,дивите,лъвове,,зебра,зебри,зебри,,A,high,Операторът засне шест подгонени от дивите лъвове,зебра,STE-009,Fillers1,filler1_STE-009_mono.wav,Fillers1/mono/filler1_STE-009_mono.wav,filler1_P1_зебра_лъв_шест_диви_A,5,,,,,
,,filler1,P2,лъв,лъвове,лъва,m,pl,f,pl,Операторът засне,шест,подгонени от,диви,,,лъвовете,диви,зебра,зебри,зебри,,B,high,Операторът засне шест подгонени от лъвовете диви,зебра,STE-010,Fillers1,filler1_STE-010_mono.wav,Fillers1/mono/filler1_STE-010_mono.wav,filler1_P2_зебра_лъв_шест_диви_B,5,,,,,
,,filler1,P1,град,градове,града,m,pl,f,pl,Пътешествениците посетиха,седем,прочути с,развити,,развитите,градове,,страна,страни,страни,,B,high,Пътешествениците посетиха седем прочути с развитите градове,страна,STE-011,Fillers1,filler1_STE-011_mono.wav,Fillers1/mono/filler1_STE-011_mono.wav,filler1_P1_страна_град_седем_развити_B,5,,,,,
,,filler1,P2,град,градове,града,m,pl,f,pl,Пътешествениците посетиха,седем,прочути с,развити,,,градовете,развити,страна,страни,страни,,A,high,Пътешествениците посетиха седем прочути с градовете развити,страна,STE-012,Fillers1,filler1_STE-012_mono.wav,Fillers1/mono/filler1_STE-012_mono.wav,filler1_P2_страна_град_седем_развити_A,5,,,,,
,,filler1,P1,щат,щати,щата,m,pl,f,pl,Учителят показваше,две,пресичащи,източни,,източните,щати,,планина,планини,планини,,A,low,Учителят показваше две пресичащи източните щати,планина,STE-013,Fillers1,filler1_STE-013_mono.wav,Fillers1/mono/filler1_STE-013_mono.wav,filler1_P1_планина_щат_две_източни_A,4,,,,,
,,filler1,P2,щат,щати,щата,m,pl,f,pl,Учителят показваше,две,пресичащи,източни,,,щатите,източни,планина,планини,планини,,B,low,Учителят показваше две пресичащи щатите източни,планина,STE-014,Fillers1,filler1_STE-014_mono.wav,Fillers1/mono/filler1_STE-014_mono.wav,filler1_P2_планина_щат_две_източни_B,4,,,,,
,,filler1,P1,магазин,магазини,магазина,m,pl,f,pl,Съпругата хареса,три,купени от,скъпи,,скъпите,магазини,,огърлица,огърлици,огърлици,,B,low,Съпругата хареса три купени от скъпите магазини,огърлица,STE-015,Fillers1,filler1_STE-015_mono.wav,Fillers1/mono/filler1_STE-015_mono.wav,filler1_P1_огърлица_магазин_три_скъпи_B,5,,,,,
,,filler1,P2,магазин,магазини,магазина,m,pl,f,pl,Съпругата хареса,три,купени от,скъпи,,,магазините,скъпи,огърлица,огърлици,огърлици,,A,low,Съпругата хареса три купени от магазините скъпи,огърлица,STE-016,Fillers1,filler1_STE-016_mono.wav,Fillers1/mono/filler1_STE-016_mono.wav,filler1_P2_огърлица_магазин_три_скъпи_A,5,,,,,
,,filler1,P1,митинг,митинги,митинга,m,pl,f,pl,Програмата включваше,четири,организирани след,разрешени,,разрешените,митинги,,дискусия,дискусии,дискусии,,A,low,Програмата включваше четири организирани след разрешените митинги,дискусия,STE-017,Fillers1,filler1_STE-017_mono.wav,Fillers1/mono/filler1_STE-017_mono.wav,filler1_P1_дискусия_митинг_четири_разрешени_A,5,,,,,
,,filler1,P2,митинг,митинги,митинга,m,pl,f,pl,Програмата включваше,четири,организирани след,разрешени,,,митингите,разрешени,дискусия,дискусии,дискусии,,B,low,Програмата включваше четири организирани след митингите разрешени,дискусия,STE-018,Fillers1,filler1_STE-018_mono.wav,Fillers1/mono/filler1_STE-018_mono.wav,filler1_P2_дискусия_митинг_четири_разрешени_B,5,,,,,
,,filler1,P1,списание,списания,списания,n,pl,f,pl,Курсистите разискваха,пет,публикувани в,научни,,научните,списания,,статия,статии,статии,,B,high,Курсистите разискваха пет публикувани в научните списания,статия,STE-019,Fillers1,filler1_STE-019_mono.wav,Fillers1/mono/filler1_STE-019_mono.wav,filler1_P1_статия_списание_пет_научни_B,5,,,,,
,,filler1,P2,списание,списания,списания,n,pl,f,pl,Курсистите разискваха,пет,публикувани в,научни,,,списанията,научни,статия,статии,статии,,A,high,Курсистите разискваха пет публикувани в списанията научни,статия,STE-020,Fillers1,filler1_STE-020_mono.wav,Fillers1/mono/filler1_STE-020_mono.wav,filler1_P2_статия_списание_пет_научни_A,5,,,,,
,,filler1,P1,винтче,винтчета,винтчета,n,pl,f,pl,Работниците развинтиха,шест,закачени с,метални,indef,метални,винтчета,,лампа,лампи,лампи,,A,high,Работниците развинтиха шест закачени с метални винтчета,лампа,STE-021,Fillers1,filler1_STE-021_mono.wav,Fillers1/mono/filler1_STE-021_mono.wav,filler1_P1_лампа_винтче_шест_метални_A,5,,,,,
,,filler1,P2,винтче,винтчета,винтчета,n,pl,f,pl,Работниците развинтиха,шест,закачени с,метални,indef,,винтчета,метални,лампа,лампи,лампи,,B,high,Работниците развинтиха шест закачени с винтчета метални,лампа,STE-022,Fillers1,filler1_STE-022_mono.wav,Fillers1/mono/filler1_STE-022_mono.wav,filler1_P2_лампа_винтче_шест_метални_B,5,,,,,
,,filler1,P1,наводнение,наводнения,наводнения,n,pl,f,pl,Инженерите овладяха,седем,прелели след,бурни,,бурните,наводнения,,река,реки,реки,,B,high,Инженерите овладяха седем прелели след бурните наводнения,река,STE-023,Fillers1,filler1_STE-023_mono.wav,Fillers1/mono/filler1_STE-023_mono.wav,filler1_P1_река_наводнение_седем_бурни_B,5,,,,,
,,filler1,P2,наводнение,наводнения,наводнения,n,pl,f,pl,Инженерите овладяха,седем,прелели след,бурни,,,наводненията,бурни,река,реки,реки,,A,high,Инженерите овладяха седем прелели след наводненията бурни,река,STE-024,Fillers1,filler1_STE-024_mono.wav,Fillers1/mono/filler1_STE-024_mono.wav,filler1_P2_река_наводнение_седем_бурни_A,5,,,,,
,,filler1,P1,вещество,вещества,вещества,n,pl,f,pl,Изобретателите анализираха,две,изградени от,сложни,indef,сложни,вещества,,молекула,молекули,молекули,,A,low,Изобретателите анализираха две изградени от сложни вещества,молекула,STE-025,Fillers1,filler1_STE-025_mono.wav,Fillers1/mono/filler1_STE-025_mono.wav,filler1_P1_молекула_вещество_две_сложни_A,5,,,,,
,,filler1,P2,вещество,вещества,вещества,n,pl,f,pl,Изобретателите анализираха,две,изградени от,сложни,indef,,вещества,сложни,молекула,молекули,молекули,,B,low,Изобретателите анализираха две изградени от вещества сложни,молекула,STE-026,Fillers1,filler1_STE-026_mono.wav,Fillers1/mono/filler1_STE-026_mono.wav,filler1_P2_молекула_вещество_две_сложни_B,5,,,,,
,,filler1,P1,ястие,ястия,ястия,n,pl,f,pl,Домакинът сервира,три,приготвени във,вкусни,indef,вкусни,ястия,,риба,риби,риби,,B,low,Домакинът сервира три приготвени във вкусни ястия,риба,STE-027,Fillers1,filler1_STE-027_mono.wav,Fillers1/mono/filler1_STE-027_mono.wav,filler1_P1_риба_ястие_три_вкусни_B,5,,,,,
,,filler1,P2,ястие,ястия,ястия,n,pl,f,pl,Домакинът сервира,три,приготвени в,вкусни,indef,,ястия,вкусни,риба,риби,риби,,A,low,Домакинът сервира три приготвени в ястия вкусни,риба,STE-028,Fillers1,filler1_STE-028_mono.wav,Fillers1/mono/filler1_STE-028_mono.wav,filler1_P2_риба_ястие_три_вкусни_A,5,,,,,
,,filler1,P1,нападение,нападения,нападения,n,pl,f,pl,Полицаите заловиха,четири,извършили,ужасни,,ужасните,нападения,,престъпничка,престъпнички,престъпнички,,A,low,Полицаите заловиха четири извършили ужасните нападения,престъпничка,STE-029,Fillers1,filler1_STE-029_mono.wav,Fillers1/mono/filler1_STE-029_mono.wav,filler1_P1_престъпничка_нападение_четири_ужасни_A,4,,,,,
,,filler1,P2,нападение,нападения,нападения,n,pl,f,pl,Полицаите заловиха,четири,извършили,ужасни,,,нападенията,ужасни,престъпничка,престъпнички,престъпнички,,B,low,Полицаите заловиха четири извършили нападенията ужасни,престъпничка,STE-030,Fillers1,filler1_STE-030_mono.wav,Fillers1/mono/filler1_STE-030_mono.wav,filler1_P2_престъпничка_нападение_четири_ужасни_B,4,,,,,
,,filler1,P1,обжалване,обжалвания,обжалвания,n,pl,f,pl,Демонстрантите нарушиха,пет,издадени след,спорни,,спорните,обжалвания,,заповед,заповеди,заповеди,,B,high,Демонстрантите нарушиха пет издадени след спорните обжалвания,заповед,STE-031,Fillers1,filler1_STE-031_mono.wav,Fillers1/mono/filler1_STE-031_mono.wav,filler1_P1_заповед_обжалване_пет_спорни_B,5,,,,,
,,filler1,P2,обжалване,обжалвания,обжалвания,n,pl,f,pl,Демонстрантите нарушиха,пет,издадени след,спорни,,,обжалванията,спорни,заповед,заповеди,заповеди,,A,high,Демонстрантите нарушиха пет издадени след обжалванията спорни,заповед,STE-032,Fillers1,filler1_STE-032_mono.wav,Fillers1/mono/filler1_STE-032_mono.wav,filler1_P2_заповед_обжалване_пет_спорни_A,5,,,,,
,,filler1,P1,провинение,провинения,провинения,n,pl,f,pl,Съветът изключи,шест,наказани след,лоши,,лошите,провинения,,ученичка,ученички,ученички,,A,high,Съветът изключи шест наказани след лошите провинения,ученичка,STE-033,Fillers1,filler1_STE-033_mono.wav,Fillers1/mono/filler1_STE-033_mono.wav,filler1_P1_ученичка_провинение_шест_лоши_A,5,,,,,
,,filler1,P2,провинение,провинения,провинения,n,pl,f,pl,Съветът изключи,шест,наказани след,лоши,,,провиненията,лоши,ученичка,ученички,ученички,,B,high,Съветът изключи шест наказани след провиненията лоши,ученичка,STE-034,Fillers1,filler1_STE-034_mono.wav,Fillers1/mono/filler1_STE-034_mono.wav,filler1_P2_ученичка_провинение_шест_лоши_B,5,,,,,
,,filler1,P1,заледяване,заледявания,заледявания,n,pl,f,pl,Изследователите намериха,седем,оцелели след,полярни,,полярните,заледявания,,мечка,мечки,мечки,,B,high,Изследователите намериха седем оцелели след полярните заледявания,мечка,STE-035,Fillers1,filler1_STE-035_mono.wav,Fillers1/mono/filler1_STE-035_mono.wav,filler1_P1_мечка_заледяване_седем_полярни_B,5,,,,,
,,filler1,P2,заледяване,заледявания,заледявания,n,pl,f,pl,Изследователите намериха,седем,оцелели след,полярни,,,заледяванията,полярни,мечка,мечки,мечки,,A,high,Изследователите намериха седем оцелели след заледяванията полярни,мечка,STE-036,Fillers1,filler1_STE-036_mono.wav,Fillers1/mono/filler1_STE-036_mono.wav,filler1_P2_мечка_заледяване_седем_полярни_A,5,,,,,
,,filler2,P1,лекарка,лекарки,лекарки,f,pl,m,pl,Снабдителят достави,,съставените от,известни,,известните,лекарки,,наръчник,наръчници,наръчника,,A,none,Снабдителят достави съставените от известните лекарки,наръчник,STE-001,Fillers2,filler2_STE-001_mono.wav,Fillers2/mono/filler2_STE-001_mono.wav,filler2_P1_наръчник_лекарка__известни_A,4,,,,,
,,filler2,P2,лекарка,лекарки,лекарки,f,pl,m,pl,Снабдителят достави,,съставените от,известни,,,лекарките,известни,наръчник,наръчници,наръчника,,B,none,Снабдителят достави съставените от лекарките известни,наръчник,STE-002,Fillers2,filler2_STE-002_mono.wav,Fillers2/mono/filler2_STE-002_mono.wav,filler2_P2_наръчник_лекарка__известни_B,4,,,,,
,,filler2,P1,пътешественичка,пътешественички,пътешественички,f,pl,m,pl,Екскурзоводът описваше,,препоръчаните от,чудесни,,чудесните,пътешественички,,град,градове,града,,B,none,Екскурзоводът описваше препоръчаните от чудесните пътешественички,град,STE-003,Fillers2,filler2_STE-003_mono.wav,Fillers2/mono/filler2_STE-003_mono.wav,filler2_P1_град_пътешественичка__чудесни_B,4,,,,,
,,filler2,P2,пътешественичка,пътешественички,пътешественички,f,pl,m,pl,Екскурзоводът описваше,,препоръчаните от,чудесни,,,пътешественичките,чудесни,град,градове,града,,A,none,Екскурзоводът описваше препоръчаните от пътешественичките чудесни,град,STE-004,Fillers2,filler2_STE-004_mono.wav,Fillers2/mono/filler2_STE-004_mono.wav,filler2_P2_град_пътешественичка__чудесни_A,4,,,,,
,,filler2,P1,журналистка,журналистки,журналистки,f,pl,m,pl,Издателите отпечатиха,,редактираните от,политически,,политическите,журналистки,,вестник,вестници,вестника,,A,none,Издателите отпечатиха редактираните от политическите журналистки,вестник,STE-005,Fillers2,filler2_STE-005_mono.wav,Fillers2/mono/filler2_STE-005_mono.wav,filler2_P1_вестник_журналистка__политически_A,4,,,,,
,,filler2,P2,журналистка,журналистки,журналистки,f,pl,m,pl,Издателите отпечатиха,,редактираните от,политически,,,журналистките,политически,вестник,вестници,вестника,,B,none,Издателите отпечатиха редактираните от журналистките политически,вестник,STE-006,Fillers2,filler2_STE-006_mono.wav,Fillers2/mono/filler2_STE-006_mono.wav,filler2_P2_вестник_журналистка__политически_B,4,,,,,
,,filler2,P1,книжарница,книжарници,книжарници,f,pl,m,pl,Учениците търсеха,,продаваните в,нови,,новите,книжарници,,учебник,учебници,учебника,,B,none,Учениците търсеха продаваните в новите книжарници,учебник,STE-007,Fillers2,filler2_STE-007_mono.wav,Fillers2/mono/filler2_STE-007_mono.wav,filler2_P1_учебник_книжарница__нови_B,4,,,,,
,,filler2,P2,книжарница,книжарници,книжарници,f,pl,m,pl,Учениците търсеха,,продаваните в,нови,,,книжарниците,нови,учебник,учебници,учебника,,A,none,Учениците търсеха продаваните в книжарниците нови,учебник,STE-008,Fillers2,filler2_STE-008_mono.wav,Fillers2/mono/filler2_STE-008_mono.wav,filler2_P2_учебник_книжарница__нови_A,4,,,,,
,,filler2,P1,художничка,художнички,художнички,f,pl,m,pl,Кметът откри,,реставрираните от,италиански,,италианските,художнички,,дворец,дворци,двореца,,A,none,Кметът откри реставрираните от италианските художнички,дворец,STE-019,Fillers2,filler2_STE-019_mono.wav,Fillers2/mono/filler2_STE-019_mono.wav,filler2_P1_дворец_художничка__италиански_A,4,,,,,
,,filler2,P2,художничка,художнички,художнички,f,pl,m,pl,Кметът откри,,реставрираните от,италиански,,,художничките,италиански,дворец,дворци,двореца,,B,none,Кметът откри реставрираните от художничките италиански,дворец,STE-020,Fillers2,filler2_STE-020_mono.wav,Fillers2/mono/filler2_STE-020_mono.wav,filler2_P2_дворец_художничка__италиански_B,4,,,,,
,,filler2,P1,шивачка,шивачки,шивачки,f,pl,m,pl,Клиентите изкупиха,,разкроените от,модни,,модните,шивачки,,панталон,панталони,панталона,,B,none,Клиентите изкупиха разкроените от модните шивачки,панталон,STE-021,Fillers2,filler2_STE-021_mono.wav,Fillers2/mono/filler2_STE-021_mono.wav,filler2_P1_панталон_шивачка__модни_B,4,,,,,
,,filler2,P2,шивачка,шивачки,шивачки,f,pl,m,pl,Клиентите изкупиха,,разкроените от,модни,,,шивачките,модни,панталон,панталони,панталона,,A,none,Клиентите изкупиха разкроените от шивачките модни,панталон,STE-022,Fillers2,filler2_STE-022_mono.wav,Fillers2/mono/filler2_STE-022_mono.wav,filler2_P2_панталон_шивачка__модни_A,4,,,,,
,,filler2,P1,стена,стени,стени,f,pl,m,pl,Собствениците съзряха,,хвърлените по,бели,,белите,стени,,камък,камъни,камъка,,A,none,Собствениците съзряха хвърлените по белите стени,камък,STE-023,Fillers2,filler2_STE-023_mono.wav,Fillers2/mono/filler2_STE-023_mono.wav,filler2_P1_камък_стена__бели_A,4,,,,,
,,filler2,P2,стена,стени,стени,f,pl,m,pl,Собствениците съзряха,,хвърлените по,бели,,,стените,бели,камък,камъни,камъка,,B,none,Собствениците съзряха хвърлените по стените бели,камък,STE-024,Fillers2,filler2_STE-024_mono.wav,Fillers2/mono/filler2_STE-024_mono.wav,filler2_P2_камък_стена__бели_B,4,,,,,
,,filler2,P1,фирма,фирми,фирми,f,pl,m,pl,Аптекарите продаваха,,рекламираните от,френски,,френските,фирми,,крем,кремове,крема,,B,none,Аптекарите продаваха рекламираните от френските фирми,крем,STE-025,Fillers2,filler2_STE-025_mono.wav,Fillers2/mono/filler2_STE-025_mono.wav,filler2_P1_крем_фирма__френски_B,4,,,,,
,,filler2,P2,фирма,фирми,фирми,f,pl,m,pl,Аптекарите продаваха,,рекламираните от,френски,,,фирмите,френски,крем,кремове,крема,,A,none,Аптекарите продаваха рекламираните от фирмите френски,крем,STE-026,Fillers2,filler2_STE-026_mono.wav,Fillers2/mono/filler2_STE-026_mono.wav,filler2_P2_крем_фирма__френски_A,4,,,,,
,,filler2,P1,мрежа,мрежи,мрежи,f,pl,m,pl,Инспекторите провериха,,укрепените с,циментирани,,циментираните,мрежи,,бряг,брегове,бряга,,A,none,Инспекторите провериха укрепените с циментираните мрежи,бряг,STE-009,Fillers2,filler2_STE-009_mono.wav,Fillers2/mono/filler2_STE-009_mono.wav,filler2_P1_бряг_мрежа__циментирани_A,4,,,,,
,,filler2,P2,мрежа,мрежи,мрежи,f,pl,m,pl,Инспекторите провериха,,укрепените с,циментирани,,,мрежите,циментирани,бряг,брегове,бряга,,B,none,Инспекторите провериха укрепените с мрежите циментирани,бряг,STE-010,Fillers2,filler2_STE-010_mono.wav,Fillers2/mono/filler2_STE-010_mono.wav,filler2_P2_бряг_мрежа__циментирани_B,4,,,,,
,,filler2,P1,ключ,ключове,ключа,m,sg,m,pl,Крадците разбиха,,отварящите се с,железни,,железните,ключове,,катинар,катинари,катинара,,B,none,Крадците разбиха отварящите се с железните ключове,катинар,STE-011,Fillers2,filler2_STE-011_mono.wav,Fillers2/mono/filler2_STE-011_mono.wav,filler2_P1_катинар_ключ__железни_B,5,,,,,
,,filler2,P2,ключ,ключове,ключа,m,sg,m,pl,Крадците разбиха,,отварящите се с,железни,,,ключовете,железни,катинар,катинари,катинара,,A,none,Крадците разбиха отварящите се с ключовете железни,катинар,STE-012,Fillers2,filler2_STE-012_mono.wav,Fillers2/mono/filler2_STE-012_mono.wav,filler2_P2_катинар_ключ__железни_A,5,,,,,
,,filler2,P1,мечок,мечоци,мечока,m,sg,m,pl,Екипът фотографира,,уплашените от,черни,,черните,мечоци,,прилеп,прилепи,прилепа,,A,none,Екипът фотографира уплашените от черните мечоци,прилеп,STE-013,Fillers2,filler2_STE-013_mono.wav,Fillers2/mono/filler2_STE-013_mono.wav,filler2_P1_прилеп_мечок__черни_A,4,,,,,
,,filler2,P2,мечок,мечоци,мечока,m,sg,m,pl,Екипът фотографира,,уплашените от,черни,,,мечоците,черни,прилеп,прилепи,прилепа,,B,none,Екипът фотографира уплашените от мечоците черни,прилеп,STE-014,Fillers2,filler2_STE-014_mono.wav,Fillers2/mono/filler2_STE-014_mono.wav,filler2_P2_прилеп_мечок__черни_B,4,,,,,
,,filler2,P1,буркан,буркани,буркана,m,sg,m,pl,Домакините изстудяваха,,налетите в,жълти,,жълтите,буркани,,сок,сокове,сока,,B,none,Домакините изстудяваха налетите в жълтите буркани,сок,STE-015,Fillers2,filler2_STE-015_mono.wav,Fillers2/mono/filler2_STE-015_mono.wav,filler2_P1_сок_буркан__жълти_B,4,,,,,
,,filler2,P2,буркан,буркани,буркана,m,sg,m,pl,Домакините изстудяваха,,налетите в,жълти,,,бурканите,жълти,сок,сокове,сока,,A,none,Домакините изстудяваха налетите в бурканите жълти,сок,STE-016,Fillers2,filler2_STE-016_mono.wav,Fillers2/mono/filler2_STE-016_mono.wav,filler2_P2_сок_буркан__жълти_A,4,,,,,
,,filler2,P1,овчар,овчари,овчаря,m,sg,m,pl,Ловците застреляха,,опасните за,малки,,малките,овчари,,вълк,вълци,вълка,,A,none,Ловците застреляха опасните за малките овчари,вълк,STE-017,Fillers2,filler2_STE-017_mono.wav,Fillers2/mono/filler2_STE-017_mono.wav,filler2_P1_вълк_овчар__малки_A,4,,,,,
,,filler2,P2,овчар,овчари,овчаря,m,sg,m,pl,Ловците застреляха,,опасните за,малки,,,овчарите,малки,вълк,вълци,вълка,,B,none,Ловците застреляха опасните за овчарите малки,вълк,STE-018,Fillers2,filler2_STE-018_mono.wav,Fillers2/mono/filler2_STE-018_mono.wav,filler2_P2_вълк_овчар__малки_B,4,,,,,
,,filler2,P1,предприемач,предприемачи,предприемача,m,sg,m,pl,Списанието рекламираше,,изградените от,турски,,турските,предприемачи,,курорт,курорти,курорта,,B,none,Списанието рекламираше изградените от турските предприемачи,курорт,STE-027,Fillers2,filler2_STE-027_mono.wav,Fillers2/mono/filler2_STE-027_mono.wav,filler2_P1_курорт_предприемач__турски_B,4,,,,,
,,filler2,P2,предприемач,предприемачи,предприемача,m,sg,m,pl,Списанието рекламираше,,изградените от,турски,,,предприемачите,турски,курорт,курорти,курорта,,A,none,Списанието рекламираше изградените от предприемачите турски,курорт,STE-028,Fillers2,filler2_STE-028_mono.wav,Fillers2/mono/filler2_STE-028_mono.wav,filler2_P2_курорт_предприемач__турски_A,4,,,,,
,,filler2,P1,тир,тирове,тира,m,sg,m,pl,Полицаите идентифицираха,,превозените от,сирийски,,сирийските,тирове,,емигрант,емигранти,емигранта,,A,none,Полицаите идентифицираха превозените от сирийските тирове,емигрант,STE-029,Fillers2,filler2_STE-029_mono.wav,Fillers2/mono/filler2_STE-029_mono.wav,filler2_P1_емигрант_тир__сирийски_A,4,,,,,
,,filler2,P2,тир,тирове,тира,m,sg,m,pl,Полицаите идентифицираха,,превозените от,сирийски,,,тировете,сирийски,емигрант,емигранти,емигранта,,B,none,Полицаите идентифицираха превозените от тировете сирийски,емигрант,STE-030,Fillers2,filler2_STE-030_mono.wav,Fillers2/mono/filler2_STE-030_mono.wav,filler2_P2_емигрант_тир__сирийски_B,4,,,,,
,,filler2,P1,дървар,дървари,дърваря,m,sg,m,pl,Планинарите забелязаха,,отсечените от,стари,,старите,дървари,,орех,орехи,ореха,,B,none,Планинарите забелязаха отсечените от старите дървари,орех,STE-031,Fillers2,filler2_STE-031_mono.wav,Fillers2/mono/filler2_STE-031_mono.wav,filler2_P1_орех_дървар__стари_B,4,,,,,
,,filler2,P2,дървар,дървари,дърваря,m,sg,m,pl,Планинарите забелязаха,,отсечените от,стари,,,дърварите,стари,орех,орехи,ореха,,A,none,Планинарите забелязаха отсечените от дърварите стари,орех,STE-032,Fillers2,filler2_STE-032_mono.wav,Fillers2/mono/filler2_STE-032_mono.wav,filler2_P2_орех_дървар__стари_A,4,,,,,
,,filler2,P1,трактор,трактори,трактора,m,sg,m,pl,Селяните засаждаха,,изораните от,кооперативни,,кооперативните,трактори,,терен,терени,терена,,A,none,Селяните засаждаха изораните от кооперативните трактори,терен,STE-033,Fillers2,filler2_STE-033_mono.wav,Fillers2/mono/filler2_STE-033_mono.wav,filler2_P1_терен_трактор__кооперативни_A,4,,,,,
,,filler2,P2,трактор,трактори,трактора,m,sg,m,pl,Селяните засаждаха,,изораните от,кооперативни,,,тракторите,кооперативни,терен,терени,терена,,B,none,Селяните засаждаха изораните от тракторите кооперативни,терен,STE-034,Fillers2,filler2_STE-034_mono.wav,Fillers2/mono/filler2_STE-034_mono.wav,filler2_P2_терен_трактор__кооперативни_B,4,,,,,
,,filler2,P1,кораб,кораби,кораба,m,sg,m,pl,Капитанът забеляза,,привлечените от,океански,,океанските,кораби,,кит,китове,кита,,B,none,Капитанът забеляза привлечените от океанските кораби,кит,STE-035,Fillers2,filler2_STE-035_mono.wav,Fillers2/mono/filler2_STE-035_mono.wav,filler2_P1_кит_кораб__океански_B,4,,,,,
,,filler2,P2,кораб,кораби,кораба,m,sg,m,pl,Капитанът забеляза,,привлечените от,океански,,,корабите,океански,кит,китове,кита,,A,none,Капитанът забеляза привлечените от корабите океански,кит,STE-036,Fillers2,filler2_STE-036_mono.wav,Fillers2/mono/filler2_STE-036_mono.wav,filler2_P2_кит_кораб__океански_A,4,,,,,
,,filler3,P1,бор,борове,бора,m,pl,f,pl,Строителите разрушиха,,намиращите се зад,високи,,високите,борове,,къща,къщи,къщи,,A,none,Строителите разрушиха намиращите се зад високите борове,къща,STE-001,Fillers3,filler3_STE-001_mono.wav,Fillers3/mono/filler3_STE-001_mono.wav,filler3_P1_къща_бор__високи_A,5,,,,,
,,filler3,P2,бор,борове,бора,m,pl,f,pl,Строителите разрушиха,,намиращите се зад,високи,,,боровете,високи,къща,къщи,къщи,,B,none,Строителите разрушиха намиращите се зад боровете високи,къща,STE-002,Fillers3,filler3_STE-002_mono.wav,Fillers3/mono/filler3_STE-002_mono.wav,filler3_P2_къща_бор__високи_B,5,,,,,
,,filler3,P1,цвят,цвeтове,цвята,m,pl,f,pl,Градинарите поливаха,,цъфналите с,прекрасни,indef,прекрасни,цвeтове,,роза,рози,рози,,B,none,Градинарите поливаха цъфналите с прекрасни цвeтове,роза,STE-003,Fillers3,filler3_STE-003_mono.wav,Fillers3/mono/filler3_STE-003_mono.wav,filler3_P1_роза_цвят__прекрасни_B,4,,,,,
,,filler3,P2,цвят,цвeтове,цвята,m,pl,f,pl,Градинарите поливаха,,цъфналите с,прекрасни,indef,,цвeтове,прекрасни,роза,рози,рози,,A,none,Градинарите поливаха цъфналите с цвeтове прекрасни,роза,STE-004,Fillers3,filler3_STE-004_mono.wav,Fillers3/mono/filler3_STE-004_mono.wav,filler3_P2_роза_цвят__прекрасни_A,4,,,,,
,,filler3,P1,стол,столове,стола,m,pl,f,pl,Кошничарите заплитаха,,разпростряните на,кафяви,,кафявите,столове,,пръчка,пръчки,пръчки,,A,none,Кошничарите заплитаха разпростряните на кафявите столове,пръчка,STE-005,Fillers3,filler3_STE-005_mono.wav,Fillers3/mono/filler3_STE-005_mono.wav,filler3_P1_пръчка_стол__кафяви_A,4,,,,,
,,filler3,P2,стол,столове,стола,m,pl,f,pl,Кошничарите заплитаха,,разпростряните на,кафяви,,,столовете,кафяви,пръчка,пръчки,пръчки,,B,none,Кошничарите заплитаха разпростряните на столовете кафяви,пръчка,STE-006,Fillers3,filler3_STE-006_mono.wav,Fillers3/mono/filler3_STE-006_mono.wav,filler3_P2_пръчка_стол__кафяви_B,4,,,,,
,,filler3,P1,народ,народи,народа,m,pl,f,pl,Селяните спазваха,,характерните за,древни,,древните,народи,,традиция,традиции,традиции,,B,none,Селяните спазваха характерните за древните народи,традиция,STE-025,Fillers3,filler3_STE-025_mono.wav,Fillers3/mono/filler3_STE-025_mono.wav,filler3_P1_традиция_народ__древни_B,4,,,,,
,,filler3,P2,народ,народи,народа,m,pl,f,pl,Селяните спазваха,,характерните за,древни,,,народите,древни,традиция,традиции,традиции,,A,none,Селяните спазваха характерните за народите древни,традиция,STE-026,Fillers3,filler3_STE-026_mono.wav,Fillers3/mono/filler3_STE-026_mono.wav,filler3_P2_традиция_народ__древни_A,4,,,,,
,,filler3,P1,стопанин,стопани,стопанина,m,pl,f,pl,Пастирите поведоха,,издоените от,селски,,селските,стопани,,крава,крави,крави,,A,none,Пастирите поведоха издоените от селските стопани,крава,STE-027,Fillers3,filler3_STE-027_mono.wav,Fillers3/mono/filler3_STE-027_mono.wav,filler3_P1_крава_стопанин__селски_A,4,,,,,
,,filler3,P2,стопанин,стопани,стопанина,m,pl,f,pl,Пастирите поведоха,,издоените от,селски,,,стопаните,селски,крава,крави,крави,,B,none,Пастирите поведоха издоените от стопаните селски,крава,STE-028,Fillers3,filler3_STE-028_mono.wav,Fillers3/mono/filler3_STE-028_mono.wav,filler3_P2_крава_стопанин__селски_B,4,,,,,
,,filler3,P1,посетител,посетители,посетителя,m,pl,f,pl,Астрономите наблюдаваха,,впечатляващите,многобройни,,многобройните,посетители,,звезда,звезди,звезди,,B,none,Астрономите наблюдаваха впечатляващите многобройните посетители,звезда,STE-029,Fillers3,filler3_STE-029_mono.wav,Fillers3/mono/filler3_STE-029_mono.wav,filler3_P1_звезда_посетител__многобройни_B,3,,,,,
,,filler3,P2,посетител,посетители,посетителя,m,pl,f,pl,Астрономите наблюдаваха,,впечатляващите,многобройни,,,посетителите,многобройни,звезда,звезди,звезди,,A,none,Астрономите наблюдаваха впечатляващите посетителите многобройни,звезда,STE-030,Fillers3,filler3_STE-030_mono.wav,Fillers3/mono/filler3_STE-030_mono.wav,filler3_P2_звезда_посетител__многобройни_A,3,,,,,
,,filler3,P1,хълм,хълмове,хълма,m,pl,f,pl,Косачите окосиха,,скритите зад,далечни,,далечните,хълмове,,поляна,поляни,поляни,,A,none,Косачите окосиха скритите зад далечните хълмове,поляна,STE-031,Fillers3,filler3_STE-031_mono.wav,Fillers3/mono/filler3_STE-031_mono.wav,filler3_P1_поляна_хълм__далечни_A,4,,,,,
,,filler3,P2,хълм,хълмове,хълма,m,pl,f,pl,Косачите окосиха,,скритите зад,далечни,,,хълмовете,далечни,поляна,поляни,поляни,,B,none,Косачите окосиха скритите зад хълмовете далечни,поляна,STE-032,Fillers3,filler3_STE-032_mono.wav,Fillers3/mono/filler3_STE-032_mono.wav,filler3_P2_поляна_хълм__далечни_B,4,,,,,
,,filler3,P1,план,планове,плана,m,pl,f,pl,Данъчните извършиха,,заложените в,годишни,,годишните,планове,,проверка,проверки,проверки,,B,none,Данъчните извършиха заложените в годишните планове,проверка,STE-007,Fillers3,filler3_STE-007_mono.wav,Fillers3/mono/filler3_STE-007_mono.wav,filler3_P1_проверка_план__годишни_B,4,,,,,
,,filler3,P2,план,планове,плана,m,pl,f,pl,Данъчните извършиха,,заложените в,годишни,,,плановете,годишни,проверка,проверки,проверки,,A,none,Данъчните извършиха заложените в плановете годишни,проверка,STE-008,Fillers3,filler3_STE-008_mono.wav,Fillers3/mono/filler3_STE-008_mono.wav,filler3_P2_проверка_план__годишни_A,4,,,,,
,,filler3,P1,писател,писатели,писателя,m,pl,f,pl,Режисьорът постави,,написаните от,шведски,,шведските,писатели,,пиеса,пиеси,пиеси,,A,none,Режисьорът постави написаните от шведските писатели,пиеса,STE-009,Fillers3,filler3_STE-009_mono.wav,Fillers3/mono/filler3_STE-009_mono.wav,filler3_P1_пиеса_писател__шведски_A,4,,,,,
,,filler3,P2,писател,писатели,писателя,m,pl,f,pl,Режисьорът постави,,написаните от,шведски,,,писателите,шведски,пиеса,пиеси,пиеси,,B,none,Режисьорът постави написаните от писателите шведски,пиеса,STE-010,Fillers3,filler3_STE-010_mono.wav,Fillers3/mono/filler3_STE-010_mono.wav,filler3_P2_пиеса_писател__шведски_B,4,,,,,
,,filler3,P1,момче,момчета,момчета,n,pl,f,pl,Родителите изслушаха,,доволните от,всеотдайни,,всеотдайните,момчета,,учителка,учителки,учителки,,B,none,Родителите изслушаха доволните от всеотдайните момчета,учителка,STE-011,Fillers3,filler3_STE-011_mono.wav,Fillers3/mono/filler3_STE-011_mono.wav,filler3_P1_учителка_момче__всеотдайни_B,4,,,,,
,,filler3,P2,момче,момчета,момчета,n,pl,f,pl,Родителите изслушаха,,доволните от,всеотдайни,,,момчетата,всеотдайни,учителка,учителки,учителки,,A,none,Родителите изслушаха доволните от момчетата всеотдайни,учителка,STE-012,Fillers3,filler3_STE-012_mono.wav,Fillers3/mono/filler3_STE-012_mono.wav,filler3_P2_учителка_момче__всеотдайни_A,4,,,,,
,,filler3,P1,дете,деца,деца,n,pl,f,pl,Директорът повика,,ядосаните от,невъзпитани,,невъзпитаните,деца,,майка,майки,майки,,A,none,Директорът повика ядосаните от невъзпитаните деца,майка,STE-013,Fillers3,filler3_STE-013_mono.wav,Fillers3/mono/filler3_STE-013_mono.wav,filler3_P1_майка_дете__невъзпитани_A,4,,,,,
,,filler3,P2,дете,деца,деца,n,pl,f,pl,Директорът повика,,ядосаните от,невъзпитани,,,децата,невъзпитани,майка,майки,майки,,B,none,Директорът повика ядосаните от децата невъзпитани,майка,STE-014,Fillers3,filler3_STE-014_mono.wav,Fillers3/mono/filler3_STE-014_mono.wav,filler3_P2_майка_дете__невъзпитани_B,4,,,,,
,,filler3,P1,момиче,момичета,момичета,n,pl,f,pl,Студентите поздравиха,,харесваните от,добри,,добрите,момичета,,преподавателка,преподавателки,преподавателки,,B,none,Студентите поздравиха харесваните от добрите момичета,преподавателка,STE-015,Fillers3,filler3_STE-015_mono.wav,Fillers3/mono/filler3_STE-015_mono.wav,filler3_P1_преподавателка_момиче__добри_B,4,,,,,
,,filler3,P2,момиче,момичета,момичета,n,pl,f,pl,Студентите поздравиха,,харесваните от,добри,,,момичетата,добри,преподавателка,преподавателки,преподавателки,,A,none,Студентите поздравиха харесваните от момичетата добри,преподавателка,STE-016,Fillers3,filler3_STE-016_mono.wav,Fillers3/mono/filler3_STE-016_mono.wav,filler3_P2_преподавателка_момиче__добри_A,4,,,,,
,,filler3,P1,лято,лета,лета,n,pl,f,pl,Алпинистите събориха,,напуканите през,сухи,,сухите,лета,,скала,скали,скали,,A,none,Алпинистите събориха напуканите през сухите лета,скала,STE-033,Fillers3,filler3_STE-033_mono.wav,Fillers3/mono/filler3_STE-033_mono.wav,filler3_P1_скала_лято__сухи_A,4,,,,,
,,filler3,P2,лято,лета,лета,n,pl,f,pl,Алпинистите събориха,,напуканите през,сухи,,,летата,сухи,скала,скали,скали,,B,none,Алпинистите събориха напуканите през летата сухи,скала,STE-034,Fillers3,filler3_STE-034_mono.wav,Fillers3/mono/filler3_STE-034_mono.wav,filler3_P2_скала_лято__сухи_B,4,,,,,
,,filler3,P1,клонче,клончета,клончета,n,pl,f,pl,Децата събраха,,натежалите на,узрели,,узрелите,клончета,,джанка,джанки,джанки,,B,none,Децата събраха натежалите на узрелите клончета,джанка,STE-017,Fillers3,filler3_STE-017_mono.wav,Fillers3/mono/filler3_STE-017_mono.wav,filler3_P1_джанка_клонче__узрели_B,4,,,,,
,,filler3,P2,клонче,клончета,клончета,n,pl,f,pl,Децата събраха,,натежалите на,узрели,,,клончетата,узрели,джанка,джанки,джанки,,A,none,Децата събраха натежалите на клончетата узрели,джанка,STE-018,Fillers3,filler3_STE-018_mono.wav,Fillers3/mono/filler3_STE-018_mono.wav,filler3_P2_джанка_клонче__узрели_A,4,,,,,
,,filler3,P1,състезание,състезания,състезания,n,pl,f,pl,Треньорите пратиха в отпуск,,изморените от,олимпийски,,олимпийските,състезания,,гимнастичка,гимнастички,гимнастички,,A,none,Треньорите пратиха в отпуск изморените от олимпийските състезания,гимнастичка,STE-019,Fillers3,filler3_STE-019_mono.wav,Fillers3/mono/filler3_STE-019_mono.wav,filler3_P1_гимнастичка_състезание__олимпийски_A,4,,,,,
,,filler3,P2,състезание,състезания,състезания,n,pl,f,pl,Треньорите пратиха в отпуск,,изморените от,олимпийски,,,състезанията,олимпийски,гимнастичка,гимнастички,гимнастички,,B,none,Треньорите пратиха в отпуск изморените от състезанията олимпийски,гимнастичка,STE-020,Fillers3,filler3_STE-020_mono.wav,Fillers3/mono/filler3_STE-020_mono.wav,filler3_P2_гимнастичка_състезание__олимпийски_B,4,,,,,
,,filler3,P1,чукче,чукчета,чукчета,n,pl,f,pl,Майсторите подмениха,,счупените с,твърди,,твърдите,чукчета,,част,части,части,,B,none,Майсторите подмениха счупените с твърдите чукчета,част,STE-035,Fillers3,filler3_STE-035_mono.wav,Fillers3/mono/filler3_STE-035_mono.wav,filler3_P1_част_чукче__твърди_B,4,,,,,
,,filler3,P2,чукче,чукчета,чукчета,n,pl,f,pl,Майсторите подмениха,,счупените с,твърди,,,чукчетата,твърди,част,части,части,,A,none,Майсторите подмениха счупените с чукчетата твърди,част,STE-036,Fillers3,filler3_STE-036_mono.wav,Fillers3/mono/filler3_STE-036_mono.wav,filler3_P2_част_чукче__твърди_A,4,,,,,
,,filler3,P1,нарушение,нарушения,нарушения,n,pl,f,pl,Началникът уволни,,направилите,груби,indef,груби,нарушения,,служителка,служителки,служителки,,A,none,Началникът уволни направилите груби нарушения,служителка,STE-021,Fillers3,filler3_STE-021_mono.wav,Fillers3/mono/filler3_STE-021_mono.wav,filler3_P1_служителка_нарушение__груби_A,3,,,,,
,,filler3,P2,нарушение,нарушения,нарушения,n,pl,f,pl,Началникът уволни,,направилите,груби,indef,,нарушения,груби,служителка,служителки,служителки,,B,none,Началникът уволни направилите нарушения груби,служителка,STE-022,Fillers3,filler3_STE-022_mono.wav,Fillers3/mono/filler3_STE-022_mono.wav,filler3_P2_служителка_нарушение__груби_B,3,,,,,
,,filler3,P1,покритие,покрития,покрития,n,pl,f,pl,Архитектите проектираха,,изолираните със,стъклени,indef,стъклени,покрития,,беседка,беседки,беседки,,B,none,Архитектите проектираха изолираните със стъклени покрития,беседка,STE-023,Fillers3,filler3_STE-023_mono.wav,Fillers3/mono/filler3_STE-023_mono.wav,filler3_P1_беседка_покритие__стъклени_B,4,,,,,
,,filler3,P2,покритие,покрития,покрития,n,pl,f,pl,Архитектите проектираха,,изолираните с,стъклени,indef,,покрития,стъклени,беседка,беседки,беседки,,A,none,Архитектите проектираха изолираните с покрития стъклени,беседка,STE-024,Fillers3,filler3_STE-024_mono.wav,Fillers3/mono/filler3_STE-024_mono.wav,filler3_P2_беседка_покритие__стъклени_A,4,,,,,
